xmin,ymin,xmax,ymax,confidence,class,name
22.57159996032715,644.6995849609375,123.43030548095703,721.6068115234375,0.8762659430503845,0,offer
199.99960327148438,648.7025146484375,282.7695007324219,723.7605590820312,0.8709260821342468,0,offer
361.8533935546875,641.8532104492188,447.40789794921875,711.6472778320312,0.8685388565063477,0,offer
23.857738494873047,310.1587219238281,125.22640991210938,384.6974792480469,0.8558027744293213,0,offer
21.32787322998047,535.5713500976562,90.86556243896484,596.6923217773438,0.8401005268096924,0,offer
188.40113830566406,539.6697387695312,258.1084899902344,607.6854248046875,0.8374840021133423,0,offer
320.2679748535156,307.1060791015625,417.35479736328125,385.48974609375,0.8170936703681946,0,offer
