xmin,ymin,xmax,ymax,confidence,class,name
143.99562072753906,79.44075775146484,243.04678344726562,148.5596466064453,0.8497146368026733,0,offer
23.724380493164062,75.30988311767578,135.3552703857422,151.73748779296875,0.835965633392334,0,offer
290.9479675292969,509.4951171875,383.66314697265625,578.400390625,0.8120003342628479,0,offer
19.89223289489746,502.73321533203125,115.53951263427734,590.934326171875,0.8011932969093323,0,offer
164.39744567871094,508.3492431640625,240.02481079101562,580.3416748046875,0.7645242214202881,0,offer
