xmin,ymin,xmax,ymax,confidence,class,name
385.88287353515625,516.3775024414062,510.2414855957031,599.2178955078125,0.8705357909202576,0,offer
386.432861328125,641.5437622070312,499.3393859863281,714.0298461914062,0.8667112588882446,0,offer
189.26075744628906,520.2633056640625,318.2065734863281,594.2449340820312,0.8155563473701477,0,offer
6.795327663421631,522.7500610351562,108.17778778076172,594.057373046875,0.8022549748420715,0,offer
7.289622783660889,32.26756286621094,109.28581237792969,106.5826187133789,0.7914872765541077,0,offer
