xmin,ymin,xmax,ymax,confidence,class,name
506.1318664550781,581.9393920898438,609.4933471679688,676.2276000976562,0.8723765015602112,0,offer
239.10618591308594,302.83843994140625,362.1288146972656,376.2478332519531,0.8710788488388062,0,offer
21.209104537963867,222.10060119628906,140.95254516601562,298.2460021972656,0.8498903512954712,0,offer
168.62171936035156,487.4163818359375,279.48486328125,573.8429565429688,0.8453684449195862,0,offer
344.5274353027344,69.15792846679688,455.67425537109375,149.4369354248047,0.8366566896438599,0,offer
