xmin,ymin,xmax,ymax,confidence,class,name
508.1341247558594,239.53341674804688,582.905517578125,313.3326110839844,0.8276682496070862,0,offer
24.238494873046875,611.6103515625,116.31810760498047,690.9271850585938,0.8210498094558716,0,offer
166.0188446044922,255.6745147705078,256.0540466308594,329.3772277832031,0.8176109194755554,0,offer
508.979248046875,94.98888397216797,596.648193359375,178.0856475830078,0.8006823658943176,0,offer
220.39381408691406,614.0451049804688,310.61138916015625,690.2862548828125,0.7920713424682617,0,offer
446.8428955078125,615.0059204101562,534.2025756835938,684.240234375,0.742129921913147,0,offer
