xmin,ymin,xmax,ymax,confidence,class,name
29.421567916870117,270.0341796875,99.52462768554688,326.023681640625,0.8858414888381958,0,offer
203.89366149902344,358.7739562988281,294.7421569824219,436.88372802734375,0.8754290342330933,0,offer
316.6318359375,531.6366577148438,401.1146240234375,606.5834350585938,0.8510813117027283,0,offer
15.06023120880127,360.3015441894531,100.0616455078125,434.6031799316406,0.8402988314628601,0,offer
323.038330078125,263.9351806640625,396.3529968261719,330.1615905761719,0.8201180696487427,0,offer
28.587953567504883,705.0816650390625,169.75608825683594,765.128662109375,0.5449492931365967,0,offer
