xmin,ymin,xmax,ymax,confidence,class,name
328.8204650878906,431.5293273925781,448.7345275878906,512.7462768554688,0.862653374671936,0,offer
28.091405868530273,388.7663879394531,137.6781768798828,468.37591552734375,0.8573858737945557,0,offer
331.90887451171875,200.46543884277344,441.3662109375,275.238525390625,0.8369662165641785,0,offer
20.20426368713379,207.91012573242188,142.1588134765625,298.4421081542969,0.8289010524749756,0,offer
326.12969970703125,300.89324951171875,446.52978515625,389.13739013671875,0.7841333746910095,0,offer
296.60028076171875,39.39586639404297,434.5804138183594,116.96788787841797,0.7623145580291748,0,offer
13.08581829071045,43.41130447387695,143.1331024169922,121.899658203125,0.7485901117324829,0,offer
