xmin,ymin,xmax,ymax,confidence,class,name
8.132033348083496,70.61767578125,99.60154724121094,135.125244140625,0.864890456199646,0,offer
266.5167236328125,418.9483337402344,327.5931701660156,473.7114562988281,0.8335555195808411,0,offer
18.74385643005371,299.078857421875,121.40760803222656,401.6246032714844,0.8167607188224792,0,offer
434.2335205078125,409.09954833984375,505.6324768066406,471.0086975097656,0.8047705888748169,0,offer
474.0898742675781,211.9647674560547,576.321533203125,246.4018096923828,0.26874569058418274,0,offer
