xmin,ymin,xmax,ymax,confidence,class,name
28.264080047607422,270.83563232421875,137.78982543945312,361.40179443359375,0.8389325737953186,0,offer
330.38397216796875,20.713788986206055,424.784423828125,87.98477935791016,0.8048028945922852,0,offer
23.368995666503906,17.240127563476562,120.96659088134766,94.61837005615234,0.8022912740707397,0,offer
27.109664916992188,636.20361328125,145.4965057373047,697.7717895507812,0.5364618301391602,0,offer
