xmin,ymin,xmax,ymax,confidence,class,name
22.25314712524414,27.49652099609375,108.76033020019531,90.78797149658203,0.8527683019638062,0,offer
208.646240234375,541.327880859375,303.1821594238281,638.01513671875,0.8344486355781555,0,offer
13.79725456237793,542.9013061523438,143.47311401367188,620.9326782226562,0.8265209197998047,0,offer
537.813232421875,40.49216079711914,609.59228515625,119.98041534423828,0.6956530213356018,0,offer
