text,bbox
70,"[[48. 10.]
 [68. 10.]
 [68. 21.]
 [48. 21.]]"
exastm,"[[ 68.  10.]
 [110.  10.]
 [110.  22.]
 [ 68.  22.]]"
nedo,"[[17. 11.]
 [42. 11.]
 [42. 20.]
 [17. 20.]]"
s9900,"[[30.050072 24.796597]
 [86.24832  26.073826]
 [85.728455 48.948376]
 [29.530203 47.671146]]"
oauegs,"[[ 8. 53.]
 [49. 53.]
 [49. 60.]
 [ 8. 60.]]"
lonive,"[[26. 58.]
 [60. 58.]
 [60. 76.]
 [26. 76.]]"
lon,"[[59. 60.]
 [73. 60.]
 [73. 67.]
 [59. 67.]]"
dmpsie,"[[ 6. 68.]
 [45. 68.]
 [45. 83.]
 [ 6. 83.]]"
combo,"[[ 7. 84.]
 [33. 84.]
 [33. 90.]
 [ 7. 90.]]"
