text,bbox
choice,"[[53.  6.]
 [97.  6.]
 [97. 18.]
 [53. 18.]]"
your,"[[19.  7.]
 [53.  7.]
 [53. 19.]
 [19. 19.]]"
ale,"[[47. 21.]
 [69. 21.]
 [69. 29.]
 [47. 29.]]"
51994,"[[26. 32.]
 [80. 32.]
 [80. 57.]
 [26. 57.]]"
milraules,"[[20. 62.]
 [64. 62.]
 [64. 69.]
 [20. 69.]]"
tcols,"[[69. 62.]
 [89. 62.]
 [89. 69.]
 [69. 69.]]"
accossones,"[[27.      69.99999]
 [73.99999 69.99999]
 [73.99999 76.99999]
 [27.      76.99999]]"
