text,bbox
choice,"[[ 64.71719      2.0815294 ]
 [109.83821      0.47006416]
 [110.257324    12.205096  ]
 [ 65.13631     13.816562  ]]"
your,"[[31.  2.]
 [64.  2.]
 [64. 13.]
 [31. 13.]]"
excusmr,"[[ 71.999985  15.000001]
 [116.999985  15.      ]
 [116.999985  29.      ]
 [ 71.999985  29.      ]]"
s10,"[[52. 16.]
 [74. 16.]
 [74. 29.]
 [52. 29.]]"
s5900,"[[35.999996 32.      ]
 [93.999985 32.      ]
 [93.999985 56.      ]
 [35.999996 56.      ]]"
craffeman,"[[10.       62.      ]
 [51.999992 62.      ]
 [51.999992 69.      ]
 [10.       69.      ]]"
poret,"[[56. 61.]
 [82. 61.]
 [82. 70.]
 [56. 70.]]"
tools,"[[ 83.  62.]
 [105.  62.]
 [105.  70.]
 [ 83.  70.]]"
