text,bbox
your,"[[15. 10.]
 [49. 10.]
 [49. 22.]
 [15. 22.]]"
choice,"[[49. 10.]
 [95. 10.]
 [95. 23.]
 [49. 23.]]"
sale,"[[39. 24.]
 [65. 24.]
 [65. 33.]
 [39. 33.]]"
1969,"[[21. 36.]
 [75. 36.]
 [75. 59.]
 [21. 59.]]"
platinum,"[[16.096684 64.16298 ]
 [52.312157 66.06906 ]
 [51.903316 73.83702 ]
 [15.687845 71.93094 ]]"
led,"[[53. 64.]
 [71. 64.]
 [71. 73.]
 [53. 73.]]"
light,"[[34. 72.]
 [57. 72.]
 [57. 82.]
 [34. 82.]]"
reel,"[[16. 74.]
 [35. 74.]
 [35. 81.]
 [16. 81.]]"
sce,"[[57. 74.]
 [75. 74.]
 [75. 81.]
 [57. 81.]]"
