text,bbox
your,"[[11.  6.]
 [45.  6.]
 [45. 18.]
 [11. 18.]]"
choice,"[[46.  6.]
 [91.  6.]
 [91. 19.]
 [46. 19.]]"
sale,"[[35. 21.]
 [61. 21.]
 [61. 29.]
 [35. 29.]]"
2271,"[[18. 32.]
 [75. 32.]
 [75. 55.]
 [18. 55.]]"
plaunum,"[[13. 61.]
 [49. 61.]
 [49. 68.]
 [13. 68.]]"
led,"[[51. 61.]
 [67. 61.]
 [67. 68.]
 [51. 68.]]"
winkling,"[[14.217243 67.30689 ]
 [54.372417 69.66895 ]
 [53.86552  78.2862  ]
 [13.710347 75.92414 ]]"
light,"[[54. 68.]
 [76. 68.]
 [76. 78.]
 [54. 78.]]"
burat,"[[ 77.147865  68.634254]
 [100.24514   70.07783 ]
 [ 99.786     77.424126]
 [ 76.68873   75.98055 ]]"
