text,bbox
final,"[[27. 12.]
 [48. 12.]
 [48. 21.]
 [27. 21.]]"
retal,"[[49. 12.]
 [74. 12.]
 [74. 21.]
 [49. 21.]]"
s59990,"[[13. 24.]
 [83. 24.]
 [83. 48.]
 [13. 48.]]"
neber,"[[13. 52.]
 [40. 52.]
 [40. 60.]
 [13. 60.]]"
cenesls,"[[41. 52.]
 [72. 52.]
 [72. 60.]
 [41. 60.]]"
jio,"[[19. 60.]
 [34. 60.]
 [34. 67.]
 [19. 67.]]"
gas,"[[35. 59.]
 [51. 59.]
 [51. 68.]
 [35. 68.]]"
cnld,"[[51.496555 60.958626]
 [69.78621  59.434486]
 [70.406906 66.88276 ]
 [52.117245 68.4069  ]]"
