text,bbox
s99g9,"[[13.10247  11.851711]
 [84.23271  13.037216]
 [83.82172  37.697033]
 [12.691474 36.511528]]"
green,"[[25.167511 41.65482 ]
 [49.32995  43.38071 ]
 [48.74112  51.624363]
 [24.57868  49.89847 ]]"
big,"[[10. 42.]
 [24. 42.]
 [24. 51.]
 [10. 51.]]"
cnes,"[[43. 42.]
 [70. 42.]
 [70. 59.]
 [43. 59.]]"
laroe,"[[70.02213  42.668144]
 [91.39381  44.092926]
 [90.88053  51.792038]
 [69.50886  50.367256]]"
cetamig,"[[11. 51.]
 [44. 51.]
 [44. 58.]
 [11. 58.]]"
sunolet,"[[ 70.  51.]
 [100.  51.]
 [100.  58.]
 [ 70.  58.]]"
