text,bbox
sioexcuan,"[[ 46.  27.]
 [107.  27.]
 [107.  40.]
 [ 46.  40.]]"
caso,"[[14. 29.]
 [35. 29.]
 [35. 37.]
 [14. 37.]]"
s8999,"[[27. 44.]
 [83. 44.]
 [83. 66.]
 [27. 66.]]"
soo,"[[ 2. 73.]
 [24. 73.]
 [24. 81.]
 [ 2. 81.]]"
propene,"[[26.010307 72.77319 ]
 [59.21443  74.28247 ]
 [58.816498 83.03711 ]
 [25.612371 81.52783 ]]"
rutlee,"[[ 3. 81.]
 [25. 81.]
 [25. 88.]
 [ 3. 88.]]"
tuys,"[[31. 82.]
 [51. 82.]
 [51. 89.]
 [31. 89.]]"
