text,bbox
s3,"[[10.  9.]
 [36.  9.]
 [36. 32.]
 [10. 32.]]"
79995,"[[ 41.6181    11.050677]
 [100.93167    9.788685]
 [101.39456   31.544796]
 [ 42.08099   32.80679 ]]"
d,"[[32. 24.]
 [41. 24.]
 [41. 35.]
 [32. 35.]]"
tan,"[[42.158413 39.41584 ]
 [59.48515  41.148514]
 [58.841587 47.58416 ]
 [41.51485  45.851486]]"
bcrine,"[[58. 40.]
 [85. 40.]
 [85. 47.]
 [58. 47.]]"
peletgn,"[[30. 47.]
 [67. 47.]
 [67. 55.]
 [30. 55.]]"
00,"[[14. 49.]
 [23. 49.]
 [23. 55.]
 [14. 55.]]"
