text,bbox
your,"[[26. 10.]
 [60. 10.]
 [60. 22.]
 [26. 22.]]"
choice,"[[ 60.  10.]
 [104.  10.]
 [104.  21.]
 [ 60.  21.]]"
10,"[[50. 24.]
 [68. 24.]
 [68. 35.]
 [50. 35.]]"
exclusive,"[[ 68.  24.]
 [111.  24.]
 [111.  36.]
 [ 68.  36.]]"
dsso,"[[17. 29.]
 [38. 29.]
 [38. 36.]
 [17. 36.]]"
s2999,"[[31.09378  37.779858]
 [88.28776  39.05084 ]
 [87.77887  61.95064 ]
 [30.584894 60.67966 ]]"
blackodecker,"[[ 4. 68.]
 [71. 68.]
 [71. 77.]
 [ 4. 77.]]"
power,"[[ 73.  68.]
 [100.  68.]
 [100.  77.]
 [ 73.  77.]]"
tcols,"[[ 99.  68.]
 [122.  68.]
 [122.  77.]
 [ 99.  77.]]"
