text,bbox
your,"[[13.  7.]
 [48.  7.]
 [48. 19.]
 [13. 19.]]"
choice,"[[47.999996  7.      ]
 [91.999985  7.      ]
 [91.999985 17.999998]
 [47.999996 17.999998]]"
sale,"[[30. 21.]
 [57. 21.]
 [57. 30.]
 [30. 30.]]"
s59,"[[18. 32.]
 [59. 32.]
 [59. 54.]
 [18. 54.]]"
hand,"[[13. 61.]
 [35. 61.]
 [35. 68.]
 [13. 68.]]"
toolst,"[[36. 60.]
 [59. 60.]
 [59. 69.]
 [36. 69.]]"
c,"[[58. 61.]
 [64. 61.]
 [64. 68.]
 [58. 68.]]"
accessones,"[[ 65.  60.]
 [113.  60.]
 [113.  69.]
 [ 65.  69.]]"
