text,bbox
your,"[[12. 10.]
 [46. 10.]
 [46. 22.]
 [12. 22.]]"
choice,"[[46. 10.]
 [92. 10.]
 [92. 23.]
 [46. 23.]]"
sale,"[[36. 24.]
 [62. 24.]
 [62. 33.]
 [36. 33.]]"
s294,"[[17.07331  35.7744  ]
 [73.316986 37.052658]
 [72.803825 59.631905]
 [16.560148 58.353645]]"
hand,"[[10.1478615 63.634254 ]
 [32.373543  65.02335  ]
 [31.91829   72.307396 ]
 [ 9.692608  70.9183   ]]"
toals,"[[33. 64.]
 [55. 64.]
 [55. 72.]
 [33. 72.]]"
c,"[[56. 64.]
 [62. 64.]
 [62. 72.]
 [56. 72.]]"
accgesones,"[[ 64.  65.]
 [111.  65.]
 [111.  72.]
 [ 64.  72.]]"
