text,bbox
your,"[[11.  4.]
 [45.  4.]
 [45. 16.]
 [11. 16.]]"
choice,"[[45.  4.]
 [90.  4.]
 [90. 15.]
 [45. 15.]]"
sale,"[[35. 18.]
 [61. 18.]
 [61. 27.]
 [35. 27.]]"
s4999,"[[15.235847 28.57547 ]
 [73.51698  31.109436]
 [72.528305 53.84906 ]
 [14.24717  51.315094]]"
litled,"[[24. 57.]
 [54. 57.]
 [54. 66.]
 [24. 66.]]"
pros,"[[ 9. 59.]
 [26. 59.]
 [26. 66.]
 [ 9. 66.]]"
decorated,"[[ 9. 67.]
 [49. 67.]
 [49. 74.]
 [ 9. 74.]]"
30,"[[ 7. 74.]
 [21. 74.]
 [21. 83.]
 [ 7. 83.]]"
wicath,"[[22. 75.]
 [52. 75.]
 [52. 82.]
 [22. 82.]]"
