text,bbox
your,"[[18. 12.]
 [53. 12.]
 [53. 24.]
 [18. 24.]]"
choice,"[[52. 12.]
 [98. 12.]
 [98. 24.]
 [52. 24.]]"
sale,"[[42. 26.]
 [69. 26.]
 [69. 35.]
 [42. 35.]]"
s4949,"[[23.147171 36.61509 ]
 [80.47359  39.107544]
 [79.44151  62.845284]
 [22.115095 60.35283 ]]"
infatable,"[[26. 68.]
 [66. 68.]
 [66. 77.]
 [26. 77.]]"
santa,"[[65. 68.]
 [90. 68.]
 [90. 77.]
 [65. 77.]]"
shown,"[[29. 79.]
 [58. 79.]
 [58. 85.]
 [29. 85.]]"
