text,bbox
sale,"[[27. 13.]
 [53. 13.]
 [53. 22.]
 [27. 22.]]"
s1765,"[[ 9. 25.]
 [60. 25.]
 [60. 47.]
 [ 9. 47.]]"
reseive,"[[40.050262 50.793762]
 [69.24956  52.0104  ]
 [68.96706  58.79029 ]
 [39.76776  57.573654]]"
kero,"[[29. 59.]
 [48. 59.]
 [48. 65.]
 [29. 65.]]"
nood,"[[48. 59.]
 [68. 59.]
 [68. 66.]
 [48. 66.]]"
20,"[[34. 66.]
 [46. 66.]
 [46. 73.]
 [34. 73.]]"
le,"[[45. 66.]
 [56. 66.]
 [56. 73.]
 [45. 73.]]"
