text,bbox
your,"[[ 36.  21.]
 [133.  21.]
 [133.  52.]
 [ 36.  52.]]"
choice,"[[139.  21.]
 [270.  21.]
 [270.  51.]
 [139.  51.]]"
sale,"[[109.  64.]
 [183.  64.]
 [183.  87.]
 [109.  87.]]"
s2299,"[[ 58.20067   98.657196]
 [222.49432  101.12778 ]
 [221.49934  167.29324 ]
 [ 57.205692 164.82266 ]]"
platinum,"[[ 36. 182.]
 [147. 182.]
 [147. 205.]
 [ 36. 205.]]"
led,"[[149.99998 181.99998]
 [200.99998 181.99998]
 [200.99998 204.99998]
 [149.99998 204.99998]]"
light,"[[163. 206.]
 [228. 206.]
 [228. 234.]
 [163. 234.]]"
tvintling,"[[ 38. 207.]
 [161. 207.]
 [161. 233.]
 [ 38. 233.]]"
burst,"[[231. 207.]
 [298. 207.]
 [298. 229.]
 [231. 229.]]"
