text,bbox
sale,"[[ 94.  25.]
 [169.  25.]
 [169.  48.]
 [ 94.  48.]]"
s999,"[[ 58.752808  61.404495]
 [178.88417   64.937775]
 [177.01987  128.32411 ]
 [ 56.8885   124.79083 ]]"
ech,"[[127. 104.]
 [172. 104.]
 [172. 126.]
 [127. 126.]]"
light,"[[ 89. 149.]
 [156. 149.]
 [156. 177.]
 [ 89. 177.]]"
sets,"[[158. 149.]
 [212. 149.]
 [212. 174.]
 [158. 174.]]"
led,"[[ 38. 150.]
 [ 88. 150.]
 [ 88. 173.]
 [ 38. 173.]]"
