text,bbox
s999g9g,"[[ 44.763275  42.047607]
 [248.93567   40.867424]
 [249.3088   105.42018 ]
 [ 45.136414 106.600365]]"
big,"[[ 31.668976 125.97241 ]
 [ 73.54483  129.46207 ]
 [ 71.41379  155.03448 ]
 [ 29.537933 151.54483 ]]"
gnese,"[[131. 126.]
 [208. 126.]
 [208. 175.]
 [131. 175.]]"
green,"[[ 75.20412 127.48903]
 [145.51508 130.09315]
 [144.7233  151.47124]
 [ 74.41234 148.86711]]"
large,"[[208.2858  127.23715]
 [275.94223 131.29654]
 [274.48825 155.5293 ]
 [206.83182 151.46991]]"
ceamic,"[[ 31. 152.]
 [130. 152.]
 [130. 174.]
 [ 31. 174.]]"
smokey,"[[209.10675 151.06319]
 [300.26978 152.46568]
 [299.933   174.3528 ]
 [208.77    172.9503 ]]"
cool,"[[123.68027 184.04713]
 [161.88153 182.68282]
 [162.28152 193.88283]
 [124.08026 195.24715]]"
cee,"[[187. 183.]
 [219. 183.]
 [219. 195.]
 [187. 195.]]"
