text,bbox
reg,"[[ 89.  29.]
 [136.  29.]
 [136.  49.]
 [ 89.  49.]]"
ugass,"[[139.  29.]
 [224.  29.]
 [224.  49.]
 [139.  49.]]"
sale,"[[148.  64.]
 [217.  64.]
 [217.  85.]
 [148.  85.]]"
s13996,"[[ 52.055756  99.898865]
 [299.12424  101.037445]
 [298.8209   166.86554 ]
 [ 51.752403 165.72696 ]]"
805,"[[250. 176.]
 [294. 176.]
 [294. 201.]
 [250. 201.]]"
ironvcod,"[[137.67894 179.07141]
 [247.90755 176.7009 ]
 [248.41512 200.30289]
 [138.18651 202.6734 ]]"
wodp,"[[ 36.237434 177.30154 ]
 [128.61871  181.15076 ]
 [126.6811   227.65335 ]
 [ 34.299828 223.80414 ]]"
pellec,"[[107.00001 199.     ]
 [175.      199.     ]
 [175.      224.     ]
 [107.00001 224.     ]]"
gil,"[[174.5557  201.11694]
 [226.86157 199.74048]
 [227.44635 221.96194]
 [175.14047 223.33841]]"
