text,bbox
s31,"[[ 40.199997  16.400017]
 [137.99998   49.000008]
 [117.7      109.899994]
 [ 19.900003  77.3     ]]"
79995,"[[113.69395   35.499294]
 [295.71014   30.791977]
 [297.32724   93.31912 ]
 [115.31104   98.02644 ]]"
woage,"[[ 18.557587 112.77443 ]
 [113.40461  120.301956]
 [109.33225  171.61366 ]
 [ 14.485231 164.08614 ]]"
timbeine,"[[124.13393 115.705  ]
 [255.39366 118.49773]
 [254.8466  144.20949]
 [123.58687 141.41676]]"
xl,"[[255. 117.]
 [289. 117.]
 [289. 139.]
 [255. 139.]]"
pelega,"[[ 88. 140.]
 [210. 140.]
 [210. 164.]
 [ 88. 164.]]"
